,test_loss,test_prec,test_recall,test_f1,positive_rate,labeled_instances,iteration_time
50,0.358628511428833,1.0,0.4444444444444444,0.6153846153846153,0.36,50.0,229.88164734840393
75,0.16105617582798004,0.9130434782608695,0.7777777777777778,0.84,0.38666666666666666,75.0,239.05683588981628
100,0.10192830860614777,1.0,0.8888888888888888,0.9411764705882353,0.41,100.0,230.78698444366455
120,0.0893978476524353,0.896551724137931,0.9629629629629629,0.9285714285714286,0.425,120.0,238.10234189033508
140,0.05113682895898819,0.9629629629629629,0.9629629629629629,0.9629629629629629,0.4357142857142857,140.0,246.24648571014404
160,0.09804627299308777,0.9285714285714286,0.9629629629629629,0.9454545454545454,0.44375,160.0,251.76689553260803
180,0.11069808900356293,0.9285714285714286,0.9629629629629629,0.9454545454545454,0.42777777777777776,180.0,239.0865020751953
200,0.10296428948640823,0.9,1.0,0.9473684210526316,0.385,200.0,239.44801330566406
