,test_loss,test_prec,test_recall,test_f1,labeled_instances,positive_rate,iteration_time
50,0.408158361911774,0.7,0.518518518518518,0.595744680851064,50,0.26,210.096697807312
75,0.385505497455597,0.9,0.333333333333333,0.486486486486486,75,0.24,202.513987541199
100,0.359903901815414,0.65625,0.777777777777778,0.711864406779661,100,0.21,201.210883617401
120,0.278507590293884,0.842105263157895,0.592592592592593,0.695652173913043,120,0.225,209.558175086975
140,0.159398898482323,1,0.777777777777778,0.875,140,0.264285714285714,214.068494558334
160,0.14752796292305,0.888888888888889,0.888888888888889,0.888888888888889,160,0.25,209.585257530212
180,0.112512491643429,0.928571428571429,0.962962962962963,0.945454545454545,180,0.261111111111111,217.464273929596
200,0.106438726186752,0.928571428571429,0.962962962962963,0.945454545454545,200,0.27,226.130410909653
321,0.13062147796154,0.896551724137931,0.962962962962963,0.928571428571429,321,0.242990654205607,228.093608379364
