,test_loss,test_prec,test_recall,test_f1,positive_rate,labeled_instances,iteration_time
50,0.36193984746933,0.75,0.666666666666667,0.705882352941176,0.36,50,210.026076793671
75,0.405701518058777,0.782608695652174,0.666666666666667,0.72,0.386666666666667,75,199.029188632965
100,0.187261238694191,0.827586206896552,0.888888888888889,0.857142857142857,0.41,100,202.184881925583
120,0.16532875597477,0.888888888888889,0.888888888888889,0.888888888888889,0.425,120,206.732460737228
140,0.269367963075638,0.818181818181818,0.666666666666667,0.73469387755102,0.435714285714286,140,212.150392055511
160,0.173139095306396,0.925925925925926,0.925925925925926,0.925925925925926,0.44375,160,210.964952230453
180,0.125706896185875,0.961538461538462,0.925925925925926,0.943396226415094,0.427777777777778,180,217.945688486099
200,0.163015425205231,0.925925925925926,0.925925925925926,0.925925925925926,0.385,200,220.321824073791
